{"cameraMode":{"drawMode":0,"name":"Shaded","section":"Shading Mode"},"sceneLighting":true,"audioPlay":false,"sceneViewState":{"showFog":false,"showMaterialUpdate":false,"showSkybox":false,"showFlares":false,"showImageEffects":false,"showParticleSystems":false},"in2DMode":false,"pivot":{"x":-96.13866424560547,"y":26.986072540283204,"z":-16.396772384643556},"rotation":{"x":-0.04586957022547722,"y":0.8320351243019104,"z":-0.06954151391983032,"w":-0.5485659241676331},"size":132.48394775390626,"orthographic":false}