{"cameraMode":{"drawMode":0,"name":"Shaded","section":"Shading Mode"},"sceneLighting":true,"audioPlay":false,"sceneViewState":{"showFog":false,"showMaterialUpdate":false,"showSkybox":false,"showFlares":false,"showImageEffects":false,"showParticleSystems":false},"in2DMode":false,"pivot":{"x":0.5725547075271606,"y":3.6628170013427736,"z":-3.4924399852752687},"rotation":{"x":-0.1803979128599167,"y":0.4819191098213196,"z":-0.10211797803640366,"w":-0.8513419032096863},"size":53.641971588134769,"orthographic":false}