{"cameraMode":{"drawMode":0,"name":"Shaded","section":"Shading Mode"},"sceneLighting":true,"audioPlay":false,"sceneViewState":{"showFog":false,"showMaterialUpdate":false,"showSkybox":false,"showFlares":false,"showImageEffects":false,"showParticleSystems":false},"in2DMode":false,"pivot":{"x":-9.066367149353028,"y":1.5462779998779297,"z":6.06571102142334},"rotation":{"x":-0.07627245038747788,"y":0.9141007661819458,"z":-0.20374837517738343,"w":-0.342192143201828},"size":24.410614013671876,"orthographic":false}