{"cameraMode":{"drawMode":0,"name":"Shaded","section":"Shading Mode"},"sceneLighting":true,"audioPlay":false,"sceneViewState":{"showFog":false,"showMaterialUpdate":false,"showSkybox":false,"showFlares":false,"showImageEffects":false,"showParticleSystems":false},"in2DMode":false,"pivot":{"x":2.540259599685669,"y":5.2210001945495609,"z":4.200257778167725},"rotation":{"x":-0.06283406168222428,"y":-0.1777869015932083,"z":0.011393619701266289,"w":-0.9820719957351685},"size":2.0092856884002687,"orthographic":false}